x1,x2,x3,y
0.13275325269709315,-1.0,-0.692745555365164,-4.368761129083551
0.4703028869877526,0.9834092071719112,-0.21885491185049788,7.639406198502689
0.8184808020131129,-1.0,-0.9170045831999971,-20.2248777573442
-0.4757100136883945,1.0,-0.7010885609598889,5.053683474432218
1.0,-0.030331714547862765,-1.0,7.592688103229016
1.0,-0.5870926466154796,-0.3993620651290719,4.001989105014306
-0.0018556391817343698,-0.03084152867659995,0.47883868699099597,0.12879915542365808
-0.011541301675277671,-0.18620429641973324,0.9816811111949499,-0.6027229224476208
-1.0,0.4094168006506611,-1.0,16.541580557712514
-0.7092205311404547,-0.6150487173713168,1.0,3.710386705559222
-0.6910451285529757,-0.49163045699266883,0.8667635955321435,2.49197492047138
-0.49713231418626136,1.0,0.43519154642391156,5.553631902576957
-0.31542057866737694,-0.2718771073354693,0.295692066666535,0.3083738575552016
-1.0,0.5168140070065008,-0.17785986900251616,-1.4409104342885848
0.001538986423775368,0.7861113164530287,-1.0,-3.519676870570778
-0.2496325626532221,1.0,-0.7343994912838481,7.340624395031312
-0.0837012767998524,-1.0,0.3158963438629354,2.5891216344602888
-0.3610060657203704,-0.9553183111595989,-0.12069032835906524,2.85650447158333
0.2613113911298093,0.11146292915866884,0.3334100431725533,0.9135636031608942
-0.5267489066926254,0.32236687022946975,1.0,2.790996123980009
0.43753516106281176,-1.0,1.0,-6.2638361792752
1.0,-0.35124923301541133,1.0,7.169695219950694
1.0,-0.5392368588532774,0.891013156288804,4.751798767728267
-0.9606140547053443,-0.18715795812009528,0.4600445402954101,-2.3236114355042874
-0.705119438231002,0.3040660724182167,0.9012810651068976,0.739111531641804
-0.4357097508813448,0.3722509390293116,-0.21976423225623232,-1.3286412508048926
0.2870448032484607,-0.2805084430222662,-1.0,-4.450817093335953
-0.36662237437960665,0.12220656704328547,0.8729183604850508,0.4029874314439319
0.33058521985019573,0.5225042282038386,0.12669839605273503,0.6132875445542167
-0.3361944013824447,-0.38289314590383694,-0.5418704218520338,0.46980277449663993
-0.3716895354933667,0.3781282880932879,-1.0,-2.642927271723621
0.9804974445602459,-0.7486771460908526,-0.5671404075488884,1.8886676076744227
-0.6153141942870379,0.3098813558946072,0.8518013818756316,1.1285883289850915
0.6292214224166393,-1.0,0.30257419122557816,-1.066834979281462
0.9937491689065752,-0.033913321836930965,0.9401766025356382,10.835914599279748
-0.1881759378885337,-0.15270626119580988,0.43919302489568013,-0.036145837146009774
-0.4375913608724096,-0.607387469158404,0.7813991788130425,0.012337043997155295
-0.38777653007546764,-1.0,-1.0,-13.438994095891797
1.0,-0.7963919252634419,0.7240545490780765,0.6322881827975981
0.6601198038547915,0.8622371529874284,-0.26687296505102465,4.468805397089106
0.8926141171641697,-0.31484532735950643,0.8557782007915,3.5559362814367503
1.0,-0.7711825072150584,-0.48884251030433323,2.226497794142265
0.050224508533508905,0.2533577925356407,0.07630571650723295,0.42195643013584816
1.0,1.0,0.23173837021747246,13.739533392721999
-0.8764208285885478,0.10854042434163569,-0.15080966372276805,-2.816415743034823
-0.7530181744148192,-0.99480090296587,0.8293508933287836,5.528897966277604
-0.9106903707355918,0.5951487100799997,1.0,6.186028450247916
-0.5977492298688203,-0.5744524961528708,0.750017306191676,0.6915688518003297
0.257629090938722,0.5022602696866538,0.09620455595553334,0.2101152388193408
-0.13426666448026947,0.3967623864795391,-0.8658101699425058,-0.7226787797311087
0.5702886845848312,-0.8237146755894373,0.8461833350122443,-0.767774212679853
0.37525041823850547,0.5368384130891093,-0.4328612124030533,0.6774406119513318
-1.0,-0.27640896853908936,-0.03483897645496037,-2.9137936071066144
1.0,-0.9366327667181402,-1.0,-18.865480466517717
-0.16384248023337356,-0.26577362403245597,-1.0,-4.71712467367142
-0.4669788008611917,-1.0,-1.0,-12.834996703596131
-0.07584352563496943,0.09655513095582346,1.0,0.9484868667699846
-0.30046346296404747,-0.6924022999817698,-0.018672846749203442,1.4615752868065328
1.0,-0.41044893125093873,-1.0,3.7714682211423654
0.45981015370263423,0.04843597503424624,-0.33266133732220715,1.5684667379805413
-1.0,0.6246614798489931,0.6720872637860473,-3.4446917592197845
0.8542763650162393,-1.0,-1.0,-27.667495371619903
1.0,-0.7115367096701837,-1.0,-3.0214205772926137
0.13444135505820642,0.05020008268694043,1.0,-0.4296300537470782
0.6078721449193509,-0.12565030484397033,-0.17525363602636768,2.142882090416027
-0.21103509566824452,0.10921842656793657,0.9946375820285807,1.2095391028021882
-0.37625142205197837,-0.6273722843803573,-0.9492894323102219,-4.592831310664748
-0.41660476086160636,0.7240311437097902,0.02177733655650793,-0.437476322268059
0.13315733050006084,0.5908999648363604,-0.5741762135720396,1.153080483737022
-0.4164636756779869,-0.3469337042154166,0.4260130717046473,0.024162755015299492
1.0,-1.0,1.0,-9.479597769354692
-1.0,0.9615982470690474,0.2323772160234785,2.5550162085557524
-0.04946635476032202,0.6349564654772171,0.24229626865064713,0.5542197622802291
-0.7833284972941219,-1.0,-0.684921358318952,0.7371229189651423
-0.19437371339052478,-0.16748386621956768,0.20709179264315414,-0.037243715872778194
-1.0,-0.9845104506631297,-0.5719871156953473,3.685336911694195
0.06303865483993887,-0.30638271697085506,-0.11552304855630702,1.0467027426767965
0.6796926861103978,0.6017126868055465,-0.722839386897792,2.1953411880580496
0.4576900478031851,-0.06250627007348886,0.44289258306678714,1.033533836951484
0.21700542357458308,-0.9119140028579074,-0.21476352856351966,2.986663938505526
-0.6946353565650834,-0.16502064976335884,0.5667906874422206,0.023776406347653878
-0.7453291727664857,-0.1672984254356089,0.2372456485254355,-0.6769431300227033
1.0,-0.06746378881946113,1.0,11.103654543038239
1.0,0.22095178723050957,-0.4519579032661223,4.897836219856532
0.7381013635490288,-0.9571414645608773,-0.7643135592090609,-9.166836335212109
1.0,0.7358643449259052,-0.35141756670408486,7.181856040626752
-0.3493959714914643,-0.7152685638290408,-1.0,-5.794725160534445
-0.07665333525347062,-0.028118639995389216,-0.08887825789262305,0.18564282689589817
-0.9757215550229645,-0.3869365156890392,-0.4964358474488222,-0.45336343069997376
0.8101118394719551,-1.0,-0.20922405120147225,-3.8848481748326913
0.7365661683734326,-0.7346428044688778,0.25412080084719957,1.3325975883565362
1.0,-1.0,0.8336388806425814,-5.34772276758986
0.05851908014012408,-1.0,-0.8115733327326105,-8.630326840099853
-0.4845174487505364,0.7958185409556695,0.009034670872115624,0.12346770132537085
0.017164172560319546,0.24579263889372704,-0.12597938023739808,0.8824296600847648
-0.39037585933642616,0.026411888192801714,-0.386357700739725,-0.40956061608672556
0.2771453824888275,-0.10085251705829723,-1.0,-3.434268460510618
-1.0,0.2634443538142448,-0.42397763666893273,-1.271211038222276
-1.0,0.9130824444155659,-0.24295357333465994,7.229011153307809
0.0823893963026694,1.0,-0.10699632424460082,8.116167537952956
-0.6914017287443863,0.7192816874652033,1.0,7.676872296687466
-1.0,-0.8901613303804701,-1.0,4.102133045930352
1.0,0.440044817916591,-0.6786599480520346,6.260182499751595
-0.3541984995367331,-1.0,0.3065888301605819,2.67415284449574
0.5297821281270414,-0.8710919030858304,1.0,-4.758067249257215
-1.0,0.266806273950589,0.013219664666124453,-4.8292250886112535
1.0,0.6104871464308781,1.0,24.144546112121912
-0.03805679071871437,-0.26434892290420353,1.0,-0.44221511425163895
-0.8967413257584778,-0.654811075755831,-0.1645263600386604,1.2957727694415362
0.40806913767929287,0.5452957638764611,0.7482518379266612,1.5853480719569877
-1.0,1.0,-1.0,21.782540232439555
0.34923509995334334,-0.10846143254624208,0.767174401883022,0.6837140004977784
-1.0,1.0,0.4119415022445274,1.7944548067680244
0.11314606883317935,-0.06139215052018199,-0.9648475959104807,-2.723244458071055
0.8412166274839941,0.021855240980390933,-0.414889341342475,1.961412952674909
-0.4394440875981098,-0.279210803328672,-0.04013117052497872,0.14487669581536777
-0.3255942766566773,-0.46926036072085586,-1.0,-3.8936721558526424
0.12634378704940952,0.44940601642371636,0.06720635082780335,-0.2956466620174836
0.8702096320616495,-0.7219273815366889,-0.3522125759078545,0.8874786011787689
-0.1707390086700149,0.7622108039849449,0.15344759953969445,-0.0013934908734011264
0.13015637034756433,0.07207164579848158,0.18375134990039066,0.7087596971220955
0.6227749045406761,-0.656168944302707,1.0,-4.029613886612772
0.7083156446031942,0.2617655960760892,1.0,4.538113810020924
-1.0,-0.3038257543202636,-0.8281686893699662,1.7987296685292542
0.35852527464468387,0.5376032993290012,-0.22104139884919483,0.7246268417926623
0.14955520394063204,0.2814398393674322,0.3477225932505814,0.32439668534471594
-0.9822295546616695,-0.9949978984835359,0.7745849209961893,15.863911352856567
0.17419060802668995,1.0,1.0,10.518297430368055
-0.7702128013767586,1.0,0.9623474480876857,13.36510888337275
0.3478065199519609,0.5417960717173771,0.937621002053544,2.5303774835320825
1.0,0.4644771901768694,1.0,21.702210948826195
1.0,-0.22432884752789795,-0.3729877836993425,3.9595370353457255
0.47634697770742496,-0.7890971805047866,0.6226134308247873,0.412849420904073
0.3170270965055,1.0,1.0,10.772445647936928
-0.25528513432342637,0.2972449112570379,-0.41392261837269095,0.6873289543194065
0.5463819363556615,-0.8868936454043146,0.5736101644921467,0.19610689152149818
0.08282762331547078,-1.0,-0.5164915193678064,-1.0951215114147783
0.7631425793654558,0.1429874335657786,1.0,4.637295843834838
1.0,1.0,0.37832397948906604,12.646436545014332
0.19789363152477124,-0.3370564222196526,0.5243206974942778,0.22542074677661766
0.4876904274209266,-0.25952821356746125,0.9450356301433693,-1.446657092125685
0.07793437503197098,-1.0,-0.4203365199704676,-0.08190398570998303
-1.0,-1.0,0.19081822540763138,8.58307973211524
-0.014491837473142422,-1.0,1.0,-6.88839233449564
-0.753046405150622,0.08112714943138166,1.0,2.470306278440655
0.1262807364398224,-0.30959151477737223,-0.15704755553920036,0.9268531201444509
-0.5275154751436593,-0.7771639152746075,0.9755814150556537,1.1251149788151225
-0.3613148722192756,-0.6118802149455485,1.0,-0.641566351788938
0.5876906072275323,-0.1920221214913318,0.9640408054363707,-1.140086323226547
-0.8758133836649302,-1.0,1.0,10.183638978116747
0.7615228266733352,-0.8019725840392926,0.05358599876963854,0.4826764065705077
-0.6300271862935145,0.018475367719574587,-0.7757507024672385,0.5996042257260241
0.5655684100098319,0.8435251451408181,1.0,7.971737717912399
-1.0,-1.0,-1.0,2.4787986326460443
0.4261004962053696,1.0,-1.0,6.391449208878157
0.12240228024536148,0.24871846251766727,-0.625726388808389,0.3896085040287721
-0.17975216893267754,-1.0,-1.0,-15.283357858743482
-0.5329029663166904,0.8807697564770391,1.0,11.032866398178545
0.2018352269043393,-1.0,0.2568682183426456,1.6000220696141094
0.5590508499993967,0.5884961202441135,-1.0,-1.3521467058725665
-1.0,-0.7562118456405347,-0.0990287720158689,1.8249424505230047
0.21788556842370554,0.015186580013519135,-1.0,-3.303066176803933
-1.0,0.8620744097591173,0.25828566802046327,-0.13143895036491324
0.008025423514255836,-1.0,0.03474315792669724,2.4132303265377284
0.09166642934029956,-1.0,0.04703586100467483,1.7835981913185566
-0.08065337575378706,0.25917186617954413,0.22077295404841757,-0.24875717688872634
-1.0,0.08008942132377572,-0.3823042892825925,-2.4818364285360874
1.0,0.6592477560130969,0.5524364278409981,10.721085451977084
-0.0037665909838795475,-0.1826995516605523,-0.05204963682384234,0.6758745781011246
0.8096667161547892,0.5446583994420995,0.0673447415269064,2.3232318435024153
-0.11768835677862133,0.6450246546947298,0.1503029575357553,0.30619067783855325
1.0,-1.0,-1.0,-29.6235512162272
0.9790345246497274,-0.3819007061170103,1.0,5.042292156956362
-0.08928444816473013,-0.313812959614195,0.11917922943670667,1.1237129911818176
0.5954940778952784,0.7057672015895886,0.2678074697490649,2.0855192959792808
-1.0,-0.6567076620353811,-0.35157820346909796,0.5486214378535627
-0.3508541447621094,-0.38598226689403425,1.0,0.23810032359856453
-1.0,-1.0,0.33453465987356945,9.954808963229585
1.0,0.4825261158753167,0.011143363581216814,6.4156633260205735
1.0,0.3907857658075202,-0.6982581230084364,5.868770401116353
1.0,-1.0,1.0,-9.257995390781947
1.0,0.9835927441418706,-0.27292893428945897,15.510739984689668
0.722844104100073,0.6822406493584232,-0.42491588998881036,2.2861621668841847
0.528240027344755,0.7104569771203357,-0.6420281720814489,1.758040490038978
0.25869632876060766,0.5869349311176939,0.5396420194431937,0.40763988827232833
0.20523398954768401,-0.23036235550479778,-0.7538599270910262,0.8787501341432116
1.0,-0.20747776225139414,0.04796240993832335,4.613832512454213
0.04508793309335002,-1.0,0.9428677589606684,-5.501943550243007
-0.6854088662613118,0.4131718738866721,-0.7579393578280431,-0.5285827608886946
-0.9577089892786923,0.2706283100252196,-0.2518153870217217,-3.795283173476867
0.33936213472194554,-1.0,0.10210393693351949,0.8976730326310427
0.49885133448398755,0.03966191948810005,0.7750151693497012,1.0063577307513265
1.0,-1.0,0.1668041043362285,-8.235485589796887
-1.0,-0.2746807724003091,0.028357764158827736,-3.4731133738200515
-0.7057651019086908,1.0,-0.13626988445740662,3.685118251499488
0.7927609246499152,-0.19625191310994206,-1.0,-1.9861896064849998
-0.8284151310642915,0.0367650079996964,-0.20481477821444494,-1.2326274906240307
-0.10666687448671963,-0.24562709618080936,0.8086690855716565,-0.5607672430514016
0.2184378960865605,-0.7085331181543459,0.2175206761853905,1.9366214307123557
0.7665827435070283,-1.0,-1.0,-26.554179436289516
-0.16351958241153874,-0.8096670401860642,0.6077609144345184,-0.0037952998172391395
1.0,-0.5285471110689761,0.9649344071964414,5.100253435400693
-0.5072679288521862,-1.0,0.3745182877506774,3.4955017400201323
0.5534289447554865,0.8600814062217803,1.0,9.648645827864287
-0.9057227024101224,0.22817282997488952,0.18712656937632288,-4.075055147993643
0.3297386030696665,0.24872692632312532,0.6772442748729488,1.5352034169018665
-0.7950592519885602,-0.31259217125480787,-0.9913294829142847,3.6299967599713634
-0.7814901982140248,-1.0,-1.0,-4.701104256249701
0.09472639882925904,-0.09253346022973497,-0.7717070439257565,0.7467044378389289
0.9482921644215088,1.0,0.018240821787103956,11.017870180751519
-0.23919130059772375,-0.14408487449936436,-1.0,-2.85158011290488
-1.0,0.6925429845400699,-1.0,19.493031668566424
-0.1767086095777224,1.0,1.0,14.615119334034498
-0.6340455259504327,-0.341635516420991,-0.560611799935842,1.2548481349754463
-0.7128911822718045,0.5663748701009861,-0.5706255001854772,-1.5903396900349278
-0.35138718408520386,0.3819169145423067,-0.18981267520846146,-0.46456022347725506
-0.3257146227395842,-1.0,-1.0,-13.76773420599418
-0.6829631693292271,-0.3195238163286871,1.0,1.966093014896915
0.6077363070344304,-0.2952813354395116,-1.0,-4.29344708184478
0.7812860885631021,-0.5577953599638352,-0.8735624348904172,-1.0898886376020342
1.0,0.03386944950179083,1.0,12.570381670381908
-0.48515460304091573,-0.05276174999702277,-0.3608712728207142,0.537344496706699
-0.9984337645059704,0.43717594096096946,0.5420116876481686,-4.898112180753194
1.0,-0.6135110475524097,0.9712348031283924,4.141621384823837
0.786999166910856,-0.33716606092011836,1.0,-0.23846221478310814
0.7862935007063552,0.3540363613724673,-0.6599490943141746,0.8524109623921892
-1.0,0.12349587462615363,-1.0,12.830184166740256
0.11020430360093547,0.2864520996765756,0.9942681412534613,1.9634911081553694
-1.0,0.26720916232059255,-0.3002183886119425,-2.410192238758049
1.0,-0.15847978225495374,-0.8873911225067153,7.352189795235692
-0.9438955332980412,0.17137069218116485,0.8103006237905912,-1.0579310968224773
1.0,-1.0,-1.0,-29.73829806712748
-0.06043652545748368,0.09211434948164676,0.9307335130847585,-0.7678423368659408
-0.7506241053360194,-0.37682132071582886,0.42499401393623226,0.028236123405724567
-1.0,0.6061079279624773,-0.0359638005396945,-1.806283745293072
-1.0,-0.3886185499263035,0.6778924128927297,-0.45122731854606246
-1.0,-0.10289100260414452,-0.766102782187972,1.6777136691100165
-1.0,-1.0,-0.5780349797113351,4.552317964310781
1.0,-0.913870787770563,1.0,-4.304933404059042
-0.1375664812695121,0.42216411449257163,0.3228323940895388,0.07859640894262339
0.6419419402391882,-0.08401464003776993,0.9757641026138968,-0.24917492984254486
-0.9215101004760495,-0.9765507337341539,-0.006057310180841435,6.723021642147872
0.8520437467842517,0.1217289273639719,0.891692386285039,5.351585277009879
0.5631747633651603,-0.4679009817759494,0.915331265100459,-1.4308145109335293
0.27640822906385454,-0.09915885159085192,1.0,-0.6970753244877206
0.2543679232600311,0.5625977083561831,-0.9172092411750967,-1.2307690072189232
-0.08125485807381128,-0.24888221930663534,0.478372069699289,-0.08807698167655298
0.71674008836407,-0.09065893229025312,0.32713364663620137,1.7782734513541885
-0.8378938441477477,-0.06761818384904017,-0.40689960835722316,-0.7712695714398614
-0.1827679043464665,0.742870338538002,-0.9241685190546822,-1.9930761666088455
0.3484380868248911,-0.29047123169812594,-1.0,-4.633358172555931
-0.17338506987108526,-0.8678923139200594,0.4093330394056047,0.9579275155690463
0.07152901188444916,-1.0,0.16628078670794988,1.5203166499080871
0.2932962113455999,-0.20813247435862237,0.9855001656370397,-1.0776208701633914
0.6577793804315788,-0.16512675505746177,0.0036213686298185443,1.777347155366495
0.1982901356386615,1.0,-0.20926548134763245,9.352401522047028
-0.44075024285120223,0.18546275679297297,0.13067454516511434,-1.2366855621683501
0.16702565574308204,-0.2295870622382179,0.9460257834057129,-1.2894224614318819
0.8971703594201423,1.0,-0.18985911311738302,12.392552827171917
-0.32501548813164804,-0.23406014085378168,1.0,0.6278502246086858
0.4765769345880657,-0.40661626521914784,0.4741698797740508,0.9185967885614919
-0.08471879724277254,0.04739551095598982,0.7458067344273218,-0.42710388520134335
-0.47164753741324406,0.9037053248995635,-0.3651093525565716,2.5220533673395416
-0.2278261694661512,0.20889540130816409,-0.07069489104958726,-0.3808176819008453
-0.13813720046527123,-0.18253433978336986,0.18849707225569445,0.4051560796355813
0.2509804188026086,-1.0,1.0,-7.438925667028837
-1.0,0.8207744648379225,1.0,11.837437792193345
0.686735510817341,0.6170418020883748,0.016762121433485877,1.9153602125916331
-0.34279163618029007,-0.9929170395180305,0.04478012596554426,3.848377808828907
0.41287653831500193,0.17394465904922907,0.04889991093992929,0.736314407405799
-0.11957853976425037,1.0,0.8979049681236961,11.238311453446347
-0.5969665105401205,1.0,0.2556346457946663,4.570870778544353
0.47124746595577016,0.43158874594652374,-0.6009338221655689,0.8985383807581747
1.0,-0.8748529138183063,-0.6634177136055288,-2.272665849720308
0.8526593972400227,-0.9610272493649075,0.13826161895016642,-2.7247931023935656
0.29422476759617733,0.7861029797619543,1.0,7.018613078061998
0.5337331184775729,-0.2170090471008259,-0.7649620765937306,0.6285678792329232
1.0,1.0,0.6429947749906004,15.37643832741222
-0.1187991389502161,0.3365969030611078,-1.0,-2.886034078338227
-0.334709192349816,0.24956776625836663,0.8347393204813316,0.07902197374258892
-0.4656151067818908,0.15904249186997643,0.04732871043818254,-1.0645065004027254
-0.44010927220985696,0.27024951088235616,-0.3477154768296671,-1.1598842898643191
0.7859814351657299,-0.8420821838246606,-0.8765951366860201,-6.8621584441397685
1.0,0.18726256966751764,1.0,16.319786586362167
-1.0,0.18545184267134118,-1.0,13.809550264763043
-0.47262475566999496,-1.0,-0.45306280748939876,1.0249467762606468
0.38398851190079153,-1.0,0.03258171745121774,0.09813142393424046
0.25317168529057454,0.45219694864530013,-0.22766118690405612,0.30102241786248496
-0.053100769591093444,0.1905564180330872,0.3189107191620597,0.15825153362642613
-1.0,-1.0,-0.44505557687622255,5.294820231764788
1.0,0.7114242321588997,0.4061693631139287,10.710488153563869
0.999722761235023,-1.0,1.0,-9.310480648259452
-0.5305070064379731,-0.1611898757950816,-0.7953759051178086,0.22544866560338195
0.48527597166801306,-0.6328836112805645,-0.4938657784636442,1.5184608695651747
0.13709658339038877,0.3561492661170489,1.0,2.6277106170356546
0.5722472817621023,-0.7442047062656485,-0.8699295487969476,-4.45887202696445
1.0,0.2877063967430846,-0.2682369788517922,5.154716403945957
1.0,-0.02621007990095081,-0.7057763322591208,5.567525747830967
-1.0,0.06445967922498985,0.6909069293751349,-2.450570192881229
0.28116201946459674,0.744340020744213,-0.15950403869397856,1.0552310684517099
1.0,0.15857315592900134,-0.04133122676626111,4.729754292772678
1.0,-0.38005650816637004,0.08645731078825714,4.010365507059608
-0.812571853492666,-0.8303158821067427,-0.010866329389225715,4.476286934593412
0.5367652963938572,-0.3140400298399608,-0.05977252045414927,1.6235283845631123
-0.2813921065832965,-0.18769141571215409,0.9722063666809881,0.11519778285479194
-1.0,-0.36063636736428095,-0.8414700012983107,2.291687797976113
0.5555882336589164,0.6206254120834114,0.4242245138427274,1.6361449899129163
-1.0,0.642070114056424,0.7792830761463669,-2.0353390857267386
-0.9733783789438466,0.6990230322072821,0.10557219166034093,-2.2415599443117955
0.3278226426342743,0.20572738014866587,-0.6141166807289038,0.3246338229710538
0.3701422155195726,0.9322261048783285,-1.0,2.087880655139725
0.4613691167589147,0.5724805640609123,-0.7622849862782872,0.8789865185243511
-0.1134151257196565,-0.2707690629574466,-0.5333932112608575,1.482373339493258
-0.27407444036622075,0.8099681718844405,-0.7773140781720489,-0.2710778260763927
0.8372546669903289,0.35584247953886505,0.44410679936274344,4.515729593911721
0.8782270632262161,-0.47198149234573816,1.0,0.8446623138443726
0.23045309248985935,1.0,-0.24808870719691312,9.3499935726875
0.09413352138362474,0.9675572021041579,-0.4143710388124422,8.091464628345623
0.1330035709784756,-0.42930094006918584,-0.48120303778964835,2.251157327251534
0.06606186239060285,-0.4618649465990061,-0.865109718670394,-1.9881181995820065
-0.2159352874388416,-0.3296528214438468,-0.8192983761801638,-0.8324247199706059
-0.25062676817024343,-1.0,-0.040552346874747514,3.0104482122848473
-0.3824336258558527,1.0,-0.673881039005364,6.685588013602885
-0.2412595617409794,-0.5335731475029213,0.8953305818186439,0.05127689941008645
-0.6717800019113456,-0.8402454054071593,-0.27752338955224665,2.6643556609400276
-1.0,-0.41923835546673205,0.4328527210716997,-0.7236526600888378
-1.0,1.0,-1.0,21.040593490802042
0.8522678798807635,0.5259016126874139,-0.01514678193870056,2.162062874495409
1.0,1.0,1.0,26.20800054640722
-0.30663044967581277,-0.5193084066490599,0.465122755957595,-0.01120577224874958
0.12165733031464288,1.0,1.0,11.838494091985938
0.16561231824290257,0.32559613957377476,0.8573137678113005,0.5598723273975119
0.03953542047425329,1.0,0.7393987181011366,7.880746845040829
0.3347407380397298,-0.7942138883572021,-0.2989432348333654,1.1553420972604516
-0.23302823505804393,-0.942303463284023,0.4021027814483633,1.6871544699732357
-0.8356396380213083,1.0,-0.09364902107906947,5.249331141525568
0.6442611274638075,0.6328790166297356,0.2376728274153288,2.1982117441323767
-0.3670601806819571,0.11387802713404227,-0.1717177693546892,-0.5210995319179691
-0.08965391280510948,1.0,0.16769894338550717,6.807725257817026
1.0,0.92943067521381,-0.004404185555582751,11.76539314037184
0.38441336978563934,0.1197398837021213,-0.8808830716854239,0.6495599966147654
0.5597699734702717,-0.08507562836361804,-0.19241457708752607,1.1139848797690082
1.0,1.0,0.28330788285072916,12.988757328258206
0.0757478652035879,-0.3198919878283659,-0.6514606193683474,0.37985109115434007
-1.0,0.4419055799286222,0.35419882738837116,-4.592744560389351
0.6615063362220917,-0.11807157503079657,0.8784295079952269,0.3200137748067262
0.05971875544154015,0.056228041522751626,0.5118893162383145,0.8232079067443013
-0.40578628175365083,0.5765216149246166,-0.27252576815291873,-0.8925780590722209
0.7838206476061951,-0.47232891791214704,0.265682037960457,1.9673621202195928
0.9614528432127651,-0.9773432805787365,-1.0,-25.997237316786855
0.20740804685856196,-0.5880636832652324,-1.0,-6.789741989781531
-0.23266846470513758,0.07689219266276193,-0.48399731678096436,1.000904330633681
1.0,0.4474343434340531,-0.31069431356243826,5.305806589294475
0.057804842207880514,-1.0,1.0,-6.868545138776978
-0.18654370140256304,0.7616415053135555,0.5326357191717663,1.9633695490544463
-0.6089677835617138,-1.0,0.771410599486013,2.588765880248252
1.0,-1.0,-0.037040033026943364,-9.033891794866735
-1.0,-0.5727470815241242,-0.1658484563229936,-0.45328223710632276
0.35915880071172057,-0.7034125030076641,-0.07672777958520904,1.6695030644348061
1.0,0.3501508717623161,-0.27105739858440314,4.622401940180086
0.23855799804804523,1.0,0.16392025875202587,7.259538523187624
-0.37556700427214573,0.6889588286352515,-0.8506278996871393,-2.6359740985890605
-0.297030932927568,-0.5408754787234888,-1.0,-4.3514463372041385
0.12148878785847605,0.0863865779395907,-0.10412327115334352,1.3745683526640833
-0.8122537156780045,-0.7330117845469402,0.19240457430918156,1.5994877650711652
0.7172336078822255,1.0,-0.1224171190230996,9.221053166723559
-0.14739732754690027,0.332699595991127,1.0,2.4267644994327893
0.5365054505210969,0.9655425693050381,1.0,9.044808538049473
-1.0,-0.781445929718461,-0.01397015303364979,2.502345927369001
0.1635233471744586,0.7212911529193504,-0.7247145127016579,1.6578836100581913
0.7732075230821063,1.0,0.25856166198974284,7.708948211084144
0.14366715128557073,-0.5553697810947822,0.2664457192853824,1.069945730221045
0.064178942788091,-0.47462866916967683,-1.0,-5.537754442928195
0.6296833569945066,-1.0,0.8014011466373328,-2.8011067546603114
-0.29559746249649144,0.05712622128951317,0.1948816914062419,-0.3169558520284509
0.7039249999713815,0.731409791510627,-0.4154891868910797,2.8584817716651063
0.2755556670350032,-0.5135716307199838,0.5764059643244603,0.6493524490189266
0.22326497468491047,0.44690344281764816,-0.48215214962820263,1.0754025359860981
1.0,-1.0,-0.3346455871643472,-8.919917376615704
-0.07819974589154266,0.07269308567900579,1.0,0.7200501634565342
0.2377582431920764,0.18397907478833186,-0.7207453840280649,0.2878916922673761
0.3918233270367253,-0.13546235565536446,-0.07266844565242292,1.838566736278838
-0.7833210450492878,0.8255373623107451,-0.6896013485651555,0.0314596560133833
0.6497997646334421,-1.0,-0.5709636608768927,-5.95036077384304
0.9959484891977755,0.7901937534507226,-1.0,18.269154080541746
-0.123829911940182,-0.5455560858510005,-0.9829003183463458,-5.1471515078844075
0.495237991610479,-0.17199198438254282,1.0,-1.4414404144692465
-0.904861135804994,1.0,0.39490686518385054,2.413367263173041
-0.9508074702470188,1.0,0.5652025768040316,0.7626357353386153
0.503082360812519,-0.3070586507246811,1.0,-2.0098342042538864
-0.27620603141194056,-0.38311826456364306,-0.7699273893134557,-0.591480910249974
0.4286328807581725,0.6932182767044257,1.0,6.257576026250183
0.2813565877612043,0.5396290794848895,0.4854158278829759,1.1216680138332626
1.0,0.023591518339877382,-0.03242106532178757,5.255117536966189
-0.34621523676992005,0.07271490265423575,-0.5662055684377874,0.4522390682875837
0.7315531511813285,-0.42808682549891786,0.8706071421967261,1.4762083052168649
0.5095127280952705,1.0,-0.3615924378092126,9.529042078710235
-0.5848482777558894,0.5035684743576248,1.0,4.260870039633413
-0.9854150322536288,0.8637224980896967,-0.2839893729483087,3.4441309210921958
0.4272493718745707,0.3495675829929876,0.607138892213225,1.0159763988560893
0.6217959777032469,-1.0,1.0,-7.506371586580899
-0.6429156331468076,-1.0,-0.9958544692951019,-8.546895825296541
-0.0073369584950497835,-0.1668944511040349,-0.5832850109576733,0.720128278700446
0.8702177063398253,-1.0,0.36001436988338864,-4.039168554325243
0.5660330413007988,-0.9179951072815191,0.4268881605707162,0.5335071534564281
-0.8748675034901015,-1.0,0.5585991230068001,8.913497791175296
1.0,0.43297119469997947,0.07179328611312585,6.252627664342062
0.7561939605561503,-0.9175965111690214,0.3801545019466521,-1.0022301293304456
0.9542195413548562,-0.3758064498805933,-0.604087873126584,4.723169128520403
0.19955031458874029,0.6118923075597376,-0.18654054601233905,0.3334586073282293
0.6733164639202835,1.0,0.5021619107270319,7.809835588247245
-0.3915013590169416,-0.8930708861643661,1.0,-1.718327235336915
1.0,-0.7816812848091625,-0.3272941060787917,1.2220907413009126
0.1077032229036361,-0.2505694629276236,0.3836290412044865,1.2090191326478514
-0.4173659407115078,1.0,-0.8160273646935237,4.721303325567233
0.983915818798504,-0.5305687844665299,0.6911246012534167,5.041158964627822
1.0,1.0,-0.2852255506432426,16.899845547453854
0.07395376846356916,0.5732737935348933,-0.09122081916302704,0.7912677167371024
-0.37175149326435,-0.235033182252111,0.18507087092518337,0.3252988395543075
-1.0,0.2060070654143975,0.08312319475566343,-4.913392555985573
0.23531006347625705,-1.0,1.0,-7.5403830400413066
-1.0,-0.012793330742636666,0.6701020066190844,-2.9523495271245137
-0.09703382553808249,-1.0,1.0,-5.980272403291225
0.4599207950341324,-1.0,-0.3613879899200303,-0.6941966856234081
-1.0,0.421864218602489,-0.3735657042630549,-2.6926124165628376
1.0,-0.967438271389343,-0.30689545649002326,-6.410764372648393
1.0,1.0,1.0,25.472519494830316
-0.490389826274261,-0.24811458851641954,-0.045236131937259616,0.49189974279959914
1.0,-0.4695916654300172,-1.0,1.986015919063631
0.7052262273088237,0.18145225126245568,0.3872522503692879,1.8884910021082413
0.3647647364362283,0.10822307061156033,-0.4120240629182874,0.9531043248342936
0.36348283788351643,0.4142709889564653,0.06464890247804322,0.6536715415136458
0.7268887318394277,0.272018705623402,-1.0,-0.42821893027192437
-1.0,0.41485411881797574,0.02414701513484485,-4.122825335193577
-0.1352915791795919,0.9729858884375473,0.7088474383539303,8.525196393539364
0.38443798225992376,-0.5262683269340644,0.7335689032486352,-0.17188345974999886
-1.0,-1.0,-0.39976495605052387,5.625782672505106
-1.0,-0.6514351796152711,-0.14961580209242187,-0.11597440639776496
1.0,0.5349890485753248,0.3847601306287507,9.841556141380872
1.0,-0.8840598159517978,1.0,-3.2962154484651567
0.4109223865136018,-0.5725087904807789,-0.2858408926818641,0.5834790924610443
1.0,0.4082000251901601,-1.0,11.918746071965783
-0.15239279850324317,0.5251758852744985,-0.3258138994955575,-0.8255462668920915
0.08612439910514658,0.47219867575372043,-0.39414825074548876,0.2946347139121176
-0.7825470945325395,1.0,0.22924035658297548,3.287084832538791
-1.0,-0.4634881557617405,-0.3881000454805663,-1.868468815845681
0.6805976270123169,-1.0,-1.0,-24.5316706242302
0.6522032977374619,-0.16382058116786613,-1.0,-2.6323494368496183
0.6892857245333646,0.05482111895988373,-1.0,-0.8455431376464674
0.23653586736382204,-1.0,-0.5024752409756386,-0.9123768024632931
0.12672935203153735,1.0,-1.0,4.330602296187497
-0.6319188793236385,1.0,1.0,16.56426024283679
1.0,-1.0,-0.04187587646654234,-8.552377580678655
-0.05490991197622619,-0.10771456339100105,-1.0,-3.557111606551083
0.38371489033366046,-0.1060708006977904,0.8581161379694515,0.11374575706832207
-0.599715802210977,0.7674774681931971,0.9359218235832711,5.446806151364536
-0.531336888960104,-0.5053226092216176,0.02086130369128214,0.8132724318141052
1.0,1.0,0.6707571608125078,16.879546814334365
0.022792888381231835,-0.0026232570750317485,1.0,0.33192514323680533
0.03641331684416316,0.5859220470149094,-0.7381837942215053,0.2217298380488778
-0.6132069512742617,0.46511317738327307,0.7973055136356302,-0.11315251292803585
0.8258690687324128,-1.0,0.20329719921621314,-3.8439835170758667
-0.09758540183459607,-0.5289244918969804,-0.9252888689508567,-3.5322144202121533
1.0,-0.11422415824458865,0.7263573536783305,7.155615288738488
0.3376116729969276,1.0,-0.22395600896099377,8.865766718858412
-0.2562962578478267,1.0,0.6168287430761183,7.956783212266572
-0.09561085215642473,-0.14494748379642064,-0.4652498040551758,0.6979726688604548
-1.0,1.0,1.0,16.89250556664804
-0.1654354717133495,-0.8949432511710851,-1.0,-11.307086374267458
-0.5935879750856012,-0.45587175662084345,1.0,2.067140021532839
0.4480742149549337,-0.6220856141271163,0.2497201022632194,1.4015659946368337
-0.5682644946705162,-0.837143603660492,-0.4748429584467375,1.4290168897767699
-0.7629243604277716,-0.3591915368868961,-0.44090375303850493,-0.10532231853537499
0.1241465659525891,0.6203820591933122,1.0,4.785402048832509
0.10997768260132745,-0.6448831130573487,0.13083763901483114,1.2322067948223467
0.07802324472212652,0.9338018717034775,1.0,10.811498014573976
-1.0,-1.0,-0.08248942399615666,6.0380531615455935
-0.9552423859011134,0.15415242236674254,-0.6953824513919138,1.5677676187295149
1.0,-0.8916657919289113,0.9117195799845943,-2.112213360331748
-0.3505992371358517,-0.13269064623708027,1.0,0.46674354550131725
-0.19080590463182356,-0.010271995356819774,-0.0798525297353192,-0.7201496974046391
0.14305014914639447,-0.3040807528407128,1.0,-1.9223148843485727
0.2222355467767929,0.8488970290926436,-0.12831876992750013,2.8168067454372685
-1.0,0.23171389893383298,0.13626820469718148,-4.064953930023073
-0.3312775351503605,1.0,-0.24128878564868028,7.112622014593657
0.3705955647666075,1.0,-0.3805564802054193,10.253719117634969
-0.22136720620495787,0.3251978415458603,-0.09036933573078798,-1.1651086586863428
-0.7414530179548564,-1.0,-1.0,-6.095458697730483
0.1653551531212003,1.0,0.14582839544519666,7.64504788311753
-0.7343435236711673,-0.22974454083507045,0.23471011861810798,-0.5085939739022799
0.23254979438605705,-0.10585191859852183,0.6252329151009302,1.257322675919577
-0.8996828204769203,1.0,-0.2770786059882162,5.960903086731816
0.6481714430339844,0.027142627025324995,0.12755665782261105,2.095688331423897
1.0,1.0,1.0,25.87705091222946
-0.35362424362716016,-0.0449693718739943,0.2953011951653355,0.006366467541130794
0.08698292077459846,0.17562800330947925,-0.43522014839940804,0.2606652778548583
0.7626025655949003,-0.3628450257270337,0.9862792341911284,-1.1706090127332511
0.3907000311452209,-0.5340493522450522,-0.6852596828852637,0.1547166728055309
-0.3136604098647451,1.0,-0.9665463700287795,2.4986808975767345
0.44565642479953826,-1.0,-0.7223680124228062,-6.4064446887149264
-0.4354876173243092,1.0,-1.0,-0.18438120469915376
0.38739855737240303,0.6521957982185156,0.31277624551925465,1.2735192061059442
-0.4665282604556522,1.0,1.0,16.681193160416285
0.12075133131129712,0.27038268813581356,-0.1317080774219208,0.48194881234749715
-1.0,0.996611208707862,0.46999444710236027,1.1493450510450913
-0.8588515538566026,0.01331787170091503,-0.19408611056418756,-1.9283556642236006
-1.0,0.11550829885454128,-0.0253916124433331,-3.731384685550474
0.24957123603199238,-1.0,-0.5716214297779116,-2.580200193312619
-0.35526750346244973,0.07299644526076943,0.8989201442219252,0.21833273120814123
-0.9019742693512984,-1.0,1.0,13.744593716204676
-0.6407080702589978,0.42827442028018026,-1.0,0.18910248146107939
0.8866588894821401,1.0,1.0,17.833300040530002
-0.8831974382738119,-0.3039166986262123,-0.5988137489519165,0.5393916104479345
0.3876996949999394,1.0,-1.0,6.179980448770115
1.0,-0.5140240625320553,1.0,4.758458064152835
-1.0,-0.6905712341622765,-1.0,5.441747596410138
-0.9521967563159808,1.0,-1.0,15.825492622787309
-0.6467986814438189,-0.8467952273823918,0.7075164283320463,2.365941952503455
-0.498354415396584,-0.0808772601689649,-0.06319666088028186,-0.5352373517201308
-0.8639596204598896,-1.0,0.5970005980016933,8.848166620567607
0.016286689770662166,0.14365669759770183,0.025764698639171968,0.20233326430047255
-1.0,0.15780419190325357,-1.0,13.045659494903541
-0.39563606773910087,0.1454111649314307,-0.6896793662641245,0.02693249156269359
0.826816931233779,0.32684073103049793,0.9968957438734791,8.831756220417914
-0.214299597764265,-0.36974985838113694,1.0,0.37016891305419675
-0.6260692772872232,0.48573086818838007,-0.20672750730307765,-1.3437678545918115
0.5952269075938454,-0.06945830297912359,-0.09902066185779779,0.9773629195264908
0.3186861847209932,0.2750669508325685,-0.333560391245763,0.7536162157455234
0.5474265806988001,-0.8398593480892573,-0.5092959157481227,0.48180266246109804
-1.0,-0.10783214452316492,-0.9902427361214519,9.395807791309942
0.3334579118425245,0.6581787609605481,1.0,4.924329545031764
0.5436773574773142,0.46575558126522854,-0.04784877017148359,1.542568235271962
0.2539348636998533,0.14015291098058968,-0.9493893549581296,-1.3525253832519442
-0.3803238802429625,0.6158438491608227,0.4166032118002685,0.06874896567379529
-0.4610592678425982,-0.6671179196406496,1.0,0.4126805459571389
-0.06704696180771919,0.4621782906879939,-0.6323567601232567,-0.43989220047792965
-0.20014332553224246,1.0,0.09761748020139427,7.704792908615962
1.0,-0.49392291163013824,-1.0,0.9842924814411048
1.0,0.08364401361428375,-1.0,8.778383674046614
0.26840524365142926,0.5348697780445881,0.3336815778995281,0.31850621238642285
-0.10867367476457535,1.0,-1.0,3.4638445945916727
1.0,0.46078909506094434,0.3443020246935602,8.013906281028166
0.32875470458515554,1.0,1.0,9.74901378220735
0.0003459266781733472,-0.4660766942503558,0.06166449980188338,1.2981893377495064
0.2931860674774873,1.0,-1.0,5.124674645698368
0.48906756519186567,-0.21710081522726354,0.7048177238803899,0.5309163540343256
-0.1311079167072564,-1.0,0.19001381775032278,2.3425558009228427
0.1502312439860738,-1.0,1.0,-7.904947260361303
-0.23834219186544914,-0.7440016644812069,-0.13540745285271472,2.0913557173372856
-0.06322379239688236,0.6533994537106611,0.16672233450818674,0.4568025710618406
0.3130074844285611,-0.5164174864938775,0.21918835122570024,0.9221380503763178
-0.30456493124967454,-0.11643665564804118,-0.12873340525024202,0.5782438051061902
1.0,1.0,0.9062172575502869,21.90412956631452
0.6025286697077656,0.19394902217312548,-0.594587406488454,1.628646787107339
-1.0,-0.4354365627564203,0.12821737460718063,-1.531753075967903
-0.6624336740088863,0.27885269729700357,-0.7327893511346497,-0.8427840280340984
-0.96848065285699,-0.627485680876168,1.0,10.66864919955549
0.5816345587463099,-0.00960291904131294,0.411666060288423,1.5762608378887661
0.5517668076773024,0.3193575561794868,-0.5404759390526503,1.7361308080112288
0.4603733449937153,-0.3276733973622459,0.7362661455689543,-0.18222183770233025
-0.1126173247336204,-0.21179672125958615,-0.2383943677635747,1.0035958773109521
0.8155234269522587,-0.4636847503574135,-1.0,-4.891136106208893
-1.0,1.0,-0.9301505879273448,18.299722454668366
1.0,-0.03003936647367933,-0.6931424425829358,5.9691459288881425
1.0,-0.8156523854440021,-0.9255937771427925,-3.713019417711366
1.0,-0.03761021726341984,-0.18130621724929852,4.579622313228892
0.5149603930803575,1.0,-1.0,7.1140759863657825
-0.726099803619108,0.9580556937662954,-0.5924716282053866,2.555517610538939
0.5032656353504321,-0.604146264903634,-0.3146519266384018,0.4113947481725979
-0.656992037622899,0.6954117747919233,-0.6660774333035986,-0.5897564080942119
-1.0,0.6100219840354002,-1.0,19.14596690590541
0.3658280858182823,-0.9963977014460064,-0.5183152318692319,-2.76651083327911
0.6891696604773572,0.7896175679637152,1.0,9.517677032471276
0.835165979178834,0.4492328386456632,-0.7691515131585258,2.5064302821554048
0.5065560777119997,0.0331661091373634,-1.0,-2.987297778236029
0.9522692956237673,1.0,-1.0,31.125125820971142
-1.0,1.0,-0.26066347004306056,10.652235164519915
0.6048112392442186,0.9435895844946081,-1.0,4.200322408428892
-0.22196915351437685,1.0,-1.0,2.9330125376684513
0.5529730740475864,1.0,-0.24750343284145226,9.638483544913887
-0.33940132165424286,-0.7776898182431797,-0.1603466610306663,1.8842078429616105
-0.783212067659895,0.09596079173003735,0.06769703247977032,-2.6187038109676726
0.7393206463605462,0.18245960342799927,-1.0,-0.36896566388926505
-0.43808963769438614,0.09026743837821471,-0.6942990729715852,0.27944918216160974
0.09752503763316867,0.48564241653151874,-0.4417928993525746,0.5155966587057221
0.18302842564991262,-0.8968455806282112,-1.0,-13.563534151747012
1.0,-0.8858511924341346,1.0,-3.528535601240447
0.5122675104788983,-0.3154483081652162,1.0,-2.6236300749009502
1.0,0.8815283529695226,-0.5035894228247764,11.420804018471953
-0.5160476232274565,-1.0,-0.6311454015084241,-0.8187935407496696
0.6294886400522623,-0.02397199866490962,0.8525209715599062,1.6069260999790633
0.2470274788081439,-0.7392251003941128,0.3060004012706088,0.9760254494017472
1.0,1.0,1.0,26.494361456375422
1.0,0.4999192848620555,-1.0,12.331806583080173
-1.0,-1.0,-0.14900460348426758,7.44672287845863
0.054934204254124985,-0.7921963642956411,-1.0,-9.826160773956138
0.0330265140635273,0.38495648163789453,0.14714265790656644,0.950460350601457
0.7048973763969721,-0.6958159399117929,-0.4585316490831215,0.972376405070699
1.0,0.5925635673792498,1.0,24.587339475458574
1.0,0.5017382946300988,-0.795171305265153,7.927803626338711
0.21810386353670097,0.9348885446441728,1.0,9.726962579056865
-0.7515569586251163,-0.3527860171534998,-0.9804780629250611,2.3930601021155784
1.0,-0.9484742088295117,-0.40224967221125496,-4.890316041902349
0.07085051532632769,0.0746964487355779,1.0,-0.7269049951921592
-0.4782410564956525,0.14255701046106206,0.4355902911381033,-1.1316445731130056
-1.0,0.21851082871010163,0.08143147331452028,-4.843323357112226
0.9636949579545215,0.19655875080780372,0.009300499274005558,4.878903436106124
0.10869229780489165,-1.0,0.19579217823825412,2.4363370695287614
-0.32409247036978717,0.011416925528404898,0.36939931985510377,-0.18707376707514292
-1.0,0.42924493486418713,-1.0,16.76761653966898
-0.43248514085261314,1.0,-1.0,1.2508869176531037
-1.0,0.8831048615294601,0.6314479950522867,-1.8054903869852805
-0.043115388329480586,-0.6371773270850718,0.4623717842007873,0.47224876215123146
-0.0961506219966537,0.1855681771014006,-1.0,-4.350909407794269
0.3988003257640691,1.0,0.3474735047361872,6.34198910034376
-0.8209389687294251,0.314134051352305,-0.35998315838403716,-1.465767105246989
1.0,-1.0,0.08088495623786907,-8.171025901015646
1.0,0.7918255216198569,-0.6813021671439896,10.53605702466801
-0.3975936416219561,0.5918530995162783,1.0,4.848579829661726
-0.9579779531662476,1.0,-0.5762283192133633,9.807558614082637
-0.6000521480377388,0.9532861585427184,1.0,14.741035808831498
0.9820416670558059,-1.0,-0.6533749990211442,-13.063320440477296
-1.0,-1.0,-0.633380266743421,4.164486567959976
0.4197068555954022,-0.7150349390530721,0.41497540997213256,0.4137333608707068
-1.0,-0.48704901249747445,0.8432286083231086,3.802714464866558
1.0,-0.24828027971369138,0.3108302368611533,4.658273095301298
-0.19749332233284211,-0.39966692270410076,0.3640715095727549,0.5823244152147943
1.0,-1.0,1.0,-10.683486433198365
-1.0,0.043365354360906716,-0.21120351684835015,-3.4748918945558525
1.0,-0.49567400464261335,0.2763660333216533,4.43431123014048
-0.12626335805827438,-0.5876481311891213,-0.20870581270010402,1.8701621519238492
-0.22774763940109888,-1.0,-0.355691320627912,2.456567436653466
-0.6480353608444496,0.9912485360629049,1.0,16.061747712765882
-0.29095970849723796,-0.6207519244153259,-1.0,-5.103591422439513
1.0,-1.0,0.8381813145168941,-6.842240241848496
0.692548664017312,-1.0,0.33630145791166033,-1.2852647812888804
-1.0,-0.27015680968828315,0.07943254652677201,-3.898405791733365
-1.0,-1.0,0.141252161568179,8.232863499167717
-0.5601852857632357,0.6602927220306327,0.5472655851357615,-0.7796823524873634
1.0,1.0,-0.18440446658069742,16.10473286749932
1.0,0.641582378125453,0.547005102313427,10.959612915819468
0.5729543322324033,0.23814453197514585,-0.8370587681497637,1.1300697753567617
0.0014046298299175142,-0.500383665478138,0.7038092737769266,-0.23329987321654616
-0.6016121634205711,-0.9409303060565197,-0.35490084923834364,2.7110020419072747
-0.2509880363184249,-0.8645456331603036,1.0,-1.851582493256882
0.3228149943958081,0.22583515824180989,-0.46998963764027635,1.282347629429659
0.1057557866746921,0.7873050846590695,1.0,6.90603634427906
-0.3759482416233464,0.25527207961029763,-0.1942530724856386,0.3058091829358607
-0.2625922054060781,-0.949129959887274,1.0,-4.149183603777911
-1.0,-0.5171837435259439,1.0,8.52582354405656
0.613226244491335,-0.04711801207859345,0.5127866668174088,2.1198915106399876
0.5927665752068751,-0.4667343332382561,0.04642993365415604,1.1850628756933033
0.7660573249896947,-0.9325511016747057,-0.7679518893382895,-7.710862696236262
0.3212625915221017,-0.8349146471715274,-0.21086263681207074,1.291430425315868
0.5400428522821428,0.37505774385141954,-0.9206624970187076,-0.7715136494022699
-0.24112286202674005,0.7177180863555932,-0.7353924549155049,-0.8669785822701792
0.5956670131838617,-1.0,0.12520257706913873,-1.1881692847467336
0.047493309990009,1.0,-0.060438822039253104,8.004749860640462
0.2271685783796895,1.0,-0.2760521162763401,9.477963633406922
-0.3847815182619856,0.18714175225684881,1.0,1.7396286848688518
0.16100484117912428,-1.0,0.9664436602333379,-6.564697202279637
-1.0,1.0,0.5018043958777887,1.5672564470231414
-0.039645450003761296,0.23374130775021373,-0.5489146800018601,1.0677175909143035
-0.32534548380839756,0.5133949652206979,1.0,4.102402895159575
-0.05978607138713321,-0.2819451040034695,1.0,-1.0274724803722668
-0.8968023804218095,1.0,-1.0,10.71634915353393
0.7097482274408022,0.6021595083623565,0.9019670716173214,6.675913586905125
0.8185765241626595,0.26504933648757634,-0.524779801979969,1.4977574219532097
0.30652632490410925,-0.1570355239867407,-1.0,-4.178984242920219
0.6098658641837358,-0.09289569422430599,1.0,-0.4803295244146252
0.13392352725968704,0.6002691260235944,0.54314201024917,0.7996936419180098
-0.3665516595751932,-0.037205877964774814,-0.8854846104507414,0.011097685138102609
-0.40496472174213394,-0.07627308711535674,1.0,0.8229376802891317
-0.027099178458064754,-1.0,-0.857407562098113,-9.094805987284397
-0.4702010882420571,0.3721414066302964,-0.9096196871073681,-0.7627201054728462
0.30754731876514696,0.30883898211452676,-1.0,-2.584331682051032
-1.0,0.5878290538703983,1.0,6.445559800350858
0.016516535873070115,-0.6914258899188646,1.0,-1.7894157454026467
0.636941233487974,-1.0,-1.0,-24.421000581906206
0.8280855426184874,0.48669614716473686,-1.0,2.4281045905627328
-1.0,-0.005735793726381777,-0.8684110679012642,4.852640159234816
0.12700755478093617,0.4048926450813828,-0.42813738776334875,0.863554788502018
-1.0,0.5962154234456987,1.0,6.10525726476607
-0.6998983755862647,0.055839241755056834,-0.4568622053268683,-0.6420666106577988
0.850154343374756,1.0,-1.0,20.790281435265285
1.0,-0.07447807947386953,-0.9582954291066665,8.065436243977654
0.6121326858410647,-0.31355442970450875,-0.03181030799884632,1.7632501941554077
0.7765396883596036,-0.9226688319708587,-0.8928896063660079,-12.112296679286874
-0.4274425361274574,0.9959014042129914,-1.0,0.6763112995245937
0.33010747308111754,0.8949347896334359,-0.12429171555181417,3.916931471003755
-0.3825475909089928,-0.24649610102894282,0.252860445470495,0.5289578875497813
0.8395912090503399,-0.7903225852887659,-0.6568926748335331,-0.6931780895692918
0.09460141271034361,-0.1968353332940107,0.08659641566556764,1.1993642334538328
1.0,-0.46260875267268653,0.25156523050265256,3.79244442790499
-0.5102957615145605,-0.8302781591078521,0.04729460414600806,3.1829255325157155
0.49138963785918977,0.322914984682243,0.643186841544418,1.381007791403983
-1.0,-0.08168648392768274,-1.0,9.602366307173964
-0.09987977353757271,1.0,-0.8140779999103063,8.02440293450643
-1.0,0.5229875217898379,0.6955592488041369,-3.3994230764399544
1.0,-0.4309792631370637,-0.9211050331812005,4.924184687559975
-0.6438228314599512,1.0,0.9051898607647515,11.330216004098247
1.0,-0.7235276773814001,-0.0768849050182423,1.5524551194510137
1.0,-0.1952464015696127,-0.5598375730209997,5.165122616157295
-0.6202098080292355,-0.12451703570181438,-1.0,1.6554283311191713
-0.7876496599519625,1.0,-0.02510230735707797,4.78201882698898
-0.33433209063648084,1.0,-0.5052297370923107,7.81044847282069
-0.9975967861194075,-1.0,-0.1392040934971417,6.828733803051445
-0.3131655430306537,-0.7171943283236577,0.4676140518902838,0.954003390443281
-0.5053915459063316,1.0,-1.0,1.4446486606465632
-0.44665260380522587,0.5199973972638161,0.6730749051734275,-1.0631702321134304
-0.9262434874508421,-0.6650575212652516,0.28018299852157114,2.8237755382331824
-0.031972538268462136,-0.13514483189417037,-0.556010504275394,0.24697364935709376
-1.0,0.41052428937017216,0.9661772802654052,2.228165592316171
1.0,0.566511152940141,-1.0,13.137051720574616
0.7536503712434004,-0.8975756339301209,0.27789517850191015,-1.1826614703036973
-0.6980577467928302,-0.09763297306316465,0.9432351698532606,1.393830162719567
-0.08387972819321332,-0.40116910878850276,0.18455176837345144,1.0208222392550346
0.13030836479524055,0.9756384254178032,0.38438903596577534,6.314748484828053
0.1215083360651843,0.873876355383503,0.47922753530995377,4.0872146556319455
-0.36949675890995026,-0.4883250287095524,-0.3867098765889445,1.6250934403720958
-0.12967546810798303,-0.2721910266103136,0.1540416993839373,0.5581925139043031
-0.14805232038081262,0.09128810986884695,0.2746681264601998,-0.3538616204776165
-0.8828917351118537,0.020014683489224527,1.0,2.215113185451059
0.5785794700888085,0.4085443297597242,0.9163578308346934,2.7392700244925203
-0.5036052888779017,1.0,-0.5414905053040968,4.4812879291384355
0.5065397084417196,0.7993939151464691,1.0,7.351858450135587
0.2061440879622789,-0.4521402021726231,-0.561242664043323,1.0882896010386445
-1.0,-0.7723450282841822,-0.5320696810602388,2.039325055622744
-1.0,0.0017529230737789447,0.9279321119884509,1.3073437867278659
-0.4495638552911079,0.3619873622159233,-0.699524874241799,-0.3331725063546379
-1.0,0.3645158530208952,-0.6009504973599451,-0.07102034679097646
0.0161380641595672,0.5298588067128243,-0.7017689391310273,0.20079762198487267
-0.9373002812828239,0.12869193743007057,-0.4601569756862023,-2.1173023673396982
-0.5844546481603892,1.0,-0.5779299080387346,4.740991489522085
-0.7090726208963469,1.0,-0.6282037551579305,3.6256410503380447
-0.4702291162384389,-1.0,0.3598664511358045,3.4596397602325992
-1.0,0.21998770809688195,-1.0,13.7241153407789
1.0,0.34943870184854875,0.4240109455774663,7.84120955983091
-0.15376342022309908,0.5943281073741307,0.6672334916962461,0.6434450222287261
0.6480568499052208,0.3879995120448232,0.38948595472141445,1.8199307251432217
0.5447027194318683,-0.9464808993101028,-0.6255231862456592,-3.169583507773932
0.11293661697469637,0.5865158031811086,0.20177505299466691,0.6547259349635479
1.0,0.1449504524974179,-0.5725663607609783,5.357089575795965
0.4244436655285724,0.517554832600742,-0.47424825166983164,0.3895193776777788
1.0,-0.755980234152283,1.0,-0.1354099179596946
1.0,0.8358357521636322,1.0,26.24768022908214
-1.0,-0.5489065442383689,-0.717781173884628,0.24467642289740027
0.40195917573727047,0.5283622335180385,-0.3471684568914224,0.853516397190324
-0.7796882795434239,-0.8290473140312691,0.12209533524028582,3.7752786537323875
-0.10193509756554842,-0.04702658553814887,0.6297759595661658,0.14875711356138563
0.632260416856135,-1.0,-0.8057976998477816,-12.328681080771537
-0.34124979571542724,-0.019534584885079198,-1.0,-2.6957165339546942
-0.48625713224123723,0.2856390689350867,-0.4132626517052713,-0.5603502396457805
0.35886286078309304,0.8721376038329904,0.8053057572386058,5.5684994319955115
-0.4948361949933051,1.0,0.11995152831603484,5.969000863870308
-1.0,-0.3044385262725824,0.8404917580718088,1.994360138414481
-0.7534555606888298,-0.39634559273560144,-1.0,2.2024505826502816
0.24449442555501677,-1.0,0.5104620979773564,1.0531693197136613
0.9683994605864876,1.0,-0.9402580176321005,31.58969858087819
0.3457615885263645,-0.226040477626946,-0.670169014435936,1.881632031236046
0.04333211059870434,0.5819250911845291,-0.29507677858653336,0.89224855403539
1.0,-1.0,0.8169807908555182,-6.987658926177417
-1.0,0.17776286917039053,-0.6625632936130406,0.40092493354672615
-0.32084932818408074,-0.31634643260469897,1.0,0.03519669980088036
0.6201370941979183,1.0,0.4146845921961262,7.6880098132171195
0.6477727436341074,0.13880641194924914,1.0,2.509436000983315
-0.30051443912521103,0.2579357729891463,-0.0705892102065322,0.17525304657951052
-0.25881119444035217,0.0029797900700709867,-0.5681604624317453,-0.01164975048282596
0.31153173184044003,0.47304503667061826,1.0,2.504192223760972
-0.6071958359106688,0.6824075639651543,-0.6058462221805256,-2.167884161526688
-0.7540635806071203,0.0006439253185281935,-1.0,3.4041775761087143
1.0,0.14143744546484682,1.0,14.996403586070342
0.5541039639204712,1.0,0.3559457936311681,7.326332011308296
-1.0,0.1645506021073666,-1.0,13.50646847691323
0.7773989514633952,0.18262827089106648,1.0,5.379602471539732
-0.5288388211083912,0.021020065393231535,-0.8964516238156821,0.09557303357124201
-0.7062343167923335,1.0,-0.4459889097720351,3.9045535898966293
0.2361389596925747,-1.0,-1.0,-18.94050752765192
0.6114564687920299,0.7285678519191998,-0.3640001950722671,1.5530629389575465
1.0,-0.49953205340046836,0.4450790176364725,3.9932433328931967
1.0,-0.9747512443146809,-1.0,-24.86912304073541
0.5391211534916658,0.44471475128289306,1.0,3.474701664192128
-0.3838721189360075,1.0,-1.0,1.3897156329430933
0.31158080732524085,-0.7297891242890595,-0.4195955357696133,0.7504287641198877
-0.05221908011365817,0.47779931667108944,-0.7399832237896735,0.29078169611220944
-1.0,1.0,0.5213960198275276,1.0712612409656095
0.3485952134941803,0.8088885583705128,0.19767676377047483,2.1964967636690784
-0.19349375242598965,-0.37358637060371014,0.6391959635647237,0.5620755224103078
0.913568026010928,-1.0,1.0,-8.55340835831456
0.44635838114206505,-0.25482649289715553,1.0,-2.519016720273505
0.6313912169176044,-0.8509665124969144,-0.8608924972034309,-6.232367542351813
0.5356985978992808,1.0,1.0,9.80071762223845
-0.20567851000572723,-0.10928639694410047,-0.7656853367156713,0.09256131741386608
-0.9855959931944178,-0.1418063245459098,-1.0,9.292817220906777
-1.0,-0.16186586132698655,-1.0,9.187589991765494
1.0,-1.0,0.4155621447389706,-7.295632852755434
-0.12673920333989752,0.35898190075108527,-1.0,-3.219774324119306
1.0,0.04182837030615705,-0.28854172585785554,4.352932730652111
1.0,1.0,0.8965755457739655,21.131324592821354
-0.5554684691746872,0.687212005490563,-1.0,-2.923916646158168
-1.0,0.09042332592364488,0.2824048496030125,-4.694654050049082
-0.5876920294457151,-1.0,0.17558316112674488,4.552892598247324
0.2141704387304948,-0.20648118015640726,-0.7802368171572471,1.2572713246730607
-1.0,-1.0,-0.1898308678976428,6.035147597940658
0.7076143804136181,-0.02980354853036271,0.9340029845194797,1.5969935337238064
0.5279376767914248,1.0,-0.1660322665619225,8.880054427413576
-1.0,-1.0,-0.024730388012386806,7.495269786402778
0.5930374453410612,0.8844962364653117,-0.18940441497806537,4.979388380544749
-0.9284238020694391,-0.2669764376209658,-0.5539437666219762,0.18703157755992494
0.7161276212306871,-0.06635939322970619,0.7046721709087826,1.9325557463204188
-0.17758819430140527,0.3789112911384138,0.44891223498757693,-0.7369092056788303
0.5395311128802875,0.05059410040905421,-0.08001834106163996,0.9692147668976685
-0.5637296816517257,-0.8606786094360226,-1.0,-5.858881751542807
0.91199362146184,-0.41073411312282504,0.2507848103725303,2.4272267939619874
0.8459339409782283,0.4138523342079996,1.0,10.937786795382626
0.7473840382436112,-0.45872358092410126,1.0,-2.04690451324069
0.11598029464557036,-0.31355504143848334,-1.0,-3.6549893747337325
-0.2332553545764986,0.3073400767492869,1.0,2.4280989532743336
-0.08486785160757182,-1.0,-1.0,-16.24720167900061
-0.1494778713646676,-0.5378074032505145,0.41122673811880395,0.5511914549453037
-0.031633561474466276,-1.0,-0.6504497877446094,-3.287735537495808
-1.0,-0.23923902893790316,0.1143440468811805,-3.3179514907492513
0.5922742271237273,0.30614408579367436,1.0,3.5653176393909902
-1.0,1.0,-1.0,22.3201477790931
-0.9210642511098994,-0.09201746898453633,-0.7176254063333689,1.5434450302412954
-0.3393851453330512,0.49311392318309477,0.47564241201100876,-0.22221229372175888
1.0,0.08904192420051582,-0.5321075106776065,4.887905332741604
-0.05271486707723616,0.08797698691361444,-0.23635922437849755,1.0123389581401512
0.658970741340901,-0.7574003089146273,-1.0,-11.385399483818567
-0.47396115498852986,0.1911106137800438,-0.7791893312136875,0.2081483442773786
1.0,0.04792117044168265,-0.532090111717934,5.269530220263739
-0.07271008144929225,0.38527098542346305,1.0,2.4725758278798664
0.4033260520039401,0.881706181579448,-0.12873995123046322,3.895579924116581
1.0,-1.0,-1.0,-29.591819381084683
-1.0,-1.0,0.8060955463826094,17.8250949887873
1.0,-0.038590048754652884,-1.0,8.181260580720735
0.962814527222398,0.08787795583946534,0.0808191080011722,4.069786850224612
0.44995446202683853,0.4737261463095761,-1.0,-2.777642935927102
-0.10845736442189025,0.6949405085228868,-0.24554179887269267,0.36054117756281295
0.4666695494537032,1.0,-0.7223671381421302,10.70721793020888
0.592444844272566,-0.3427405434250619,1.0,-2.1304029073476625
0.11581705070791348,-1.0,1.0,-7.014385636081867
0.9922567797475308,-0.14624576519082066,-0.9001005538857769,7.814011789030012
-0.5380591413583322,-0.21173013511207417,0.006229107218189478,-0.6250582623898552
-1.0,-0.8308500522179763,0.40900904500933044,5.850466384482438
0.9939068998967886,1.0,0.22710482912967,13.618735139919131
1.0,0.5996523863285865,-0.3744311997128513,6.1012380279639
0.33198949708946635,0.3153732176743125,0.6924182152768805,0.7031555577648002
-1.0,-0.608425733262727,0.47739799614960354,1.5500733595201286
0.16464711588594372,0.700130259193539,1.0,6.293923165862761
-0.7359980531432202,0.12664484541689092,0.7895373414510019,-0.16022062318336072
0.18510214960775473,0.5804001234036709,1.0,4.295638554945139
-1.0,-0.3387290649749992,0.2914029634690323,-2.1850617314206846
0.7936499920058622,-1.0,0.15041645905975454,-3.5792859175511813
-0.5030854509230203,-0.34790804178072543,1.0,1.4197916545054963
1.0,-0.7395279261365899,0.15097680960388038,1.6279904732533068
-0.45552943644738586,1.0,0.5392603278750872,7.065696273520025
-1.0,-1.0,0.19680783048296657,9.62925923000553
0.036112106564966995,-0.7392950976884818,-0.5870152309172165,0.333115604540645
0.43101409459459594,0.22040676124413472,-0.045371889017014944,0.8767088730594557
0.17387956586035713,-1.0,0.057431752663969604,2.264531235630263
-0.5321848193924548,-1.0,-1.0,-11.128798794970967
-1.0,-0.28624907125083077,0.03807235715131552,-3.7533483418214377
-1.0,-0.506888060499296,-0.1253918665473024,-1.1588595209024866
0.42217263911585046,1.0,-0.03682177403219278,8.513022369984853
-0.31599790732876465,-0.22501139758469035,0.3021066691389762,0.043366771266191484
1.0,-0.6344214258481942,1.0,3.0619881409968612
-0.2081520179990397,0.7438155174692487,0.7415032849837295,2.8522485875301693
0.31186587052857173,-0.6287902120757083,-0.9201872995794649,-4.30620538358768
-1.0,0.004816830170848885,0.2864819606238118,-3.9579263651662657
0.47016197471751053,0.9278606062341059,-0.5667518911577545,6.716508812480749
0.34667626209188707,0.17790938487998575,0.2702974592650873,0.9248521928046566
0.31411018133970114,0.06205987187175843,0.239732735086283,0.5986873148836591
-1.0,-0.8844867450930283,0.4980555825847677,9.073140777373565
0.7178332148482194,0.8650530839112025,-1.0,4.1279669096311205
1.0,1.0,-0.6597927803680808,24.76208685324729
1.0,-0.6188563356849244,1.0,2.9822474212477017
-0.004386708091706382,0.1129171446158943,-0.8333831951020698,0.33945696232255385
0.19992159693276146,0.1756597553745043,-0.4873984802012594,1.529339895107424
-0.07272872641994832,0.12248129572539734,0.04102625613802813,0.5257344815957197
-1.0,0.31294217993354523,-1.0,15.60969740897366
-1.0,1.0,-0.7147804551228623,13.087019235729494
-0.8668914660928635,-0.17189835365389583,1.0,3.641619424550956
-0.46949256416968077,-0.32013087900415194,-1.0,-2.745247191198665
-0.7914473306686121,-0.46902192777511975,1.0,3.63544050414166
0.15441693162867964,0.7486661021925316,-1.0,-3.004927332411995
-0.3458120495528729,0.9382132767831441,-1.0,-2.269616345165772
0.8646418602079706,-1.0,0.5630095983476957,-4.110355841315816
0.661687853944968,-0.1516073029393139,0.01903408105125437,1.970605567255297
0.4139866351533328,0.6396900280018363,0.09841716969464631,1.4416064948119116
-1.0,1.0,0.7975860398766157,2.792964516399284
0.7031836749856721,-1.0,-0.7160470511073185,-10.076694137378695
1.0,-0.1301794867897199,1.0,9.155941401420222
1.0,-0.3540436763318573,-0.5413496814176237,5.030047034311571
1.0,1.0,-1.0,39.04272767477412
-0.8560377824029188,-0.8890404807804131,-0.37384279617612237,3.7807438750128752
0.4473661862513372,-0.05506371924414166,0.012416784303600492,0.678700807728847
0.28434643271063487,-0.41552272025920756,0.04077685944495579,0.6820951694936415
-1.0,-1.0,0.7163666060707321,15.879291817346298
-0.228679290347926,0.791988327793981,-0.19328409889021203,1.2972548781740774
0.6875744030171003,1.0,-0.2375238270782043,10.308667078420669
-0.10647688765811525,-0.812846542020015,0.21543093845020844,2.110258902647662
-0.6259844464742821,-0.23087762663715927,0.14168802905058442,-0.07033632521262792
0.025593939498955498,-0.16508163673617604,-0.4620282311723085,0.9759996605005906
-0.38368844291900417,-0.8479975047728308,0.2500249170256219,1.826709701406432
0.38465117181229136,1.0,0.9462967338071655,9.782072068831063
0.21376924058509505,0.5411249380813219,1.0,3.6290089682712647
-0.4358381612918689,-0.36014804689814484,0.5914814853254058,0.048347634354395236
-0.13931359393993392,-0.10394022654430679,0.14700599416260585,0.7179006635451681
0.5468181232047151,-0.25811372621978146,-0.6264650515238381,1.376485975373508
1.0,-0.11729972314989157,0.43521474023642215,6.27592836062093
0.35704536255267594,0.6574461667625249,-0.5839070359327301,1.1105968135815674
-0.025650525066640117,1.0,-0.023400831841336345,8.053701466393628
-1.0,0.9026917915948065,-0.19920935735823986,6.424498313277862
-0.8288077129194322,0.42358325212877124,-0.397128054140075,-2.3166014945455893
-0.13436981199580544,-1.0,1.0,-5.211318384954228
0.4089707913919707,-1.0,-1.0,-20.825364536611318
-1.0,0.2651933587574793,-0.8743269389366539,7.949555066306891
1.0,0.4678740899665277,-0.5158314697588342,4.956888955978014
0.23678878170778073,0.019938747812446422,-0.033905893538686005,1.4273375765542
-1.0,-0.8418787286709251,1.0,17.89513809167414
-0.3232392456296993,0.12408270511380737,1.0,1.8674762868764823
0.5719555438774719,-0.279910286004861,-0.926221472374297,-0.7045975493460452
-0.4018188513050467,1.0,-0.6359870422532443,5.662882215562751
0.00214900081463254,-0.1030878796713861,0.09061915846627366,0.7275260971400962
-0.9276683357147089,0.44132060679116236,0.33629533974622317,-5.0610587470579365
1.0,-0.19911032001653295,1.0,8.438161521111798
-0.3498671718795925,-0.28491754456781804,-0.07279847421799834,0.5862390758349217
0.4015388112587184,1.0,-0.03880647437445073,8.662545400340727
-0.31966238324306984,0.31356458270094634,-0.9112253370346792,-1.6478961024312568
-0.04921441959474104,1.0,-0.006936573388437894,8.700758686618938
-1.0,0.5784138513537667,1.0,6.206777384254048
1.0,-0.38155188413763064,-0.7721198379852903,6.285145252603485
-0.03996928686233936,1.0,0.8334785397748108,10.155383311501323
0.32382282492221326,0.488762260791221,0.27478499505777676,0.48997255811092505
-0.4791461621002122,-0.753717820379191,0.7063978976724461,1.2295255341531315
1.0,-0.2767618466394888,0.5469523213432468,5.798956569881002
0.6793194760037216,-0.4815391165401277,-1.0,-6.069141971133367
-0.10453813667931855,0.011646459900493955,0.3453482994385422,0.211653177222475
0.42430925241591844,-0.5847206346372738,0.262710858829194,1.8748536468816541
-0.561962649928424,-0.5698223705873398,0.05134150565727724,1.2058180370733227
0.35319273331499756,-0.40221776554342825,-0.3288508179537417,1.9011159646234357
1.0,-0.9097820198616635,0.9310206855848064,-3.104809519462448
0.7954166310320774,0.2018314229317575,-0.034040411999010756,1.9842918426533929
-0.6950461152049519,0.2912124890928771,-0.9833756397755458,1.539792452109087
0.02367186277458222,0.5295416010960001,-0.44389590323986816,1.1526085546409464
-0.20157301720665077,0.3923216950534245,-0.12940990047012702,-0.20454387233057275
-1.0,1.0,1.0,16.666882025908833
0.7842395574453933,1.0,0.07747370463607806,9.228434544301795
-0.47613576244723643,0.576522171508232,1.0,5.143249742969002
1.0,0.5940370729411926,-1.0,13.451519055795877
0.11281923696453777,0.22512805501659328,-1.0,-3.352216415189946
-0.6358666382170297,0.5931182866234177,0.41643556861325104,-1.7792275525058516
1.0,-0.6561848792256875,-1.0,-1.6079477731580412
-0.7887619382091176,1.0,1.0,15.972859387927777
0.42984271540342633,-0.6658855205745757,-1.0,-8.138633037536021
-0.1733894869918342,0.19347986442514653,1.0,1.7713652881773787
-0.30124963594479914,-0.13010092455439137,-1.0,-1.9402414151585718
-0.8161706975959677,0.061927835013404264,-0.846693669150534,1.8897922219566778
-0.24323527650808585,0.7432032663385164,1.0,6.510690750207026
1.0,-0.3971687941486912,0.6131777269090044,5.314900028599604
-0.6373246795022787,1.0,-0.31100775076401743,4.8505948199412785
-1.0,1.0,-0.5394270018629914,11.95788701068494
1.0,0.015694710346856322,-0.08431544600669683,5.256658385209244
-1.0,0.6665198084962365,0.07440308716894495,-2.319194404475818
-0.01988847276733674,0.9805394701520382,0.26640645077088965,6.217479483020191
0.9856960709808018,1.0,-0.21836187660925344,15.166810366821627
-0.23724918506761794,1.0,-0.4442929577879027,7.413512808575854
-0.8408254171622813,-1.0,-0.4986078746613436,3.7100351491489816
-0.45437725117887773,-1.0,-1.0,-11.682586554434732
-0.034909689822333556,0.99680200812215,-0.5869127881399159,8.909275467919809
-1.0,-0.20409312808696023,0.2075513788635015,-3.847030238866256
-1.0,-1.0,0.19627565973204164,9.090275176275185
1.0,-1.0,-0.4294788839871322,-10.350156384226658
0.38472121145433347,-0.18031999389604758,-0.09478152981164722,1.3603297201928777
0.3306174689752237,0.9604606922933481,-1.0,2.924065076152919
-1.0,-0.5195607164116411,-1.0,5.14036949300089
0.7328739504623265,1.0,-0.2573102015103734,10.254855964591725
0.7111430498692024,-0.874340877472956,0.39095371858205197,-0.2726470092607377
0.4190156189783474,0.6135313459156435,1.0,4.713990453937891
-1.0,-1.0,-1.0,2.402234034581331
-0.6595861939029406,-1.0,-0.05514775570753572,4.831848222269254
-0.18493788798215305,-0.7291217329217385,-0.38787193999397984,1.9008307990712892
0.26374596987826937,1.0,-0.33886586993386913,9.854179910089451
-0.9154591019447793,-0.5177947886452503,1.0,7.351413292396357
1.0,-0.2520353874044823,-0.3193891663462567,4.330359893747221
0.27022386490285966,-0.5349508315833076,-0.25727784439143897,1.1653958675177267
0.13925860748429097,0.048657523711318706,-0.6423747663142831,1.2377793398859007
-1.0,0.13439081278832066,0.48928503952705116,-4.513991754914911
0.18329900360611306,1.0,-0.39543622919804355,10.376437850507807
0.9349170469659236,1.0,-0.5951654578581917,18.750416885714905
0.4458391127748955,1.0,-1.0,6.081603994539736
-1.0,0.6668546032041305,0.22495304512959757,-3.169558656026752
0.0074191969965227145,0.2771421863190131,0.6153873807188299,0.4331239121812597
0.5289745076712955,0.9144055914267839,-1.0,2.2041126286618007
0.13938667779875802,-1.0,1.0,-7.082400956524831
0.38938310441845636,-0.7998596903661672,1.0,-4.253552459025214
-1.0,0.3588823766132534,0.1518000194130782,-3.959334558991231
-1.0,0.33959461914178224,-0.47507213539949866,-0.4429079583332723
0.08988863455616136,-0.46287625800712084,-0.17701811588577154,1.0900024228644314
